{
    "rmse": 0.7813691309414498,
    "mae": 0.6424006513778905,
    "r2": 0.03704235099637554
}