{
    "rmse": 0.7893491840472594,
    "mae": 0.6525390232027082,
    "r2": 0.017272710275676117
}